BEGIN TRANSACTION;


INSERT INTO users (user_id, username,password_hash,role) VALUES (9900, 'user','$2a$08$UkVvwpULis18S19S5pZFn.YHPZt3oaqHZnDwqbCW9pft6uFtkXKDC','ROLE_USER');
INSERT INTO users (user_id, username,password_hash,role) VALUES (9901, 'admin','$2a$08$UkVvwpULis18S19S5pZFn.YHPZt3oaqHZnDwqbCW9pft6uFtkXKDC','ROLE_ADMIN');

-- Users
INSERT INTO users (user_id, username, role, fName, lName, email, phone_number, password_hash) VALUES
(9001, 'johndoe', 'ROLE_TENANT', 'John', 'Doe', 'john.doe@example.com', '123-456-7890', '$2a$08$UkVvwpULis18S19S5pZFn.YHPZt3oaqHZnDwqbCW9pft6uFtkXKDC'),
(9002, 'a2ds2', 'ROLE_MANAGER', 'REality', 'Manager', 'A2DS2@REality.com', '123-456-7891', '$2a$08$UkVvwpULis18S19S5pZFn.YHPZt3oaqHZnDwqbCW9pft6uFtkXKDC'),
(9003, 'bobjohnson', 'ROLE_OWNER', 'Bob', 'Johnson', 'bob.johnson@example.com', '123-456-7892', '$2a$08$UkVvwpULis18S19S5pZFn.YHPZt3oaqHZnDwqbCW9pft6uFtkXKDC'),
(9004, 'alicebrown', 'ROLE_TENANT', 'Alice', 'Brown', 'alice.brown@example.com', '123-456-7893', '$2a$08$UkVvwpULis18S19S5pZFn.YHPZt3oaqHZnDwqbCW9pft6uFtkXKDC'),
(9005, 'chrisdavis', 'ROLE_TENANT', 'Chris', 'Davis', 'chris.davis@example.com', '123-456-7894', '$2a$08$UkVvwpULis18S19S5pZFn.YHPZt3oaqHZnDwqbCW9pft6uFtkXKDC'),
(9006, 'evemiller', 'ROLE_OWNER', 'Eve', 'Miller', 'eve.miller@example.com', '123-456-7895', '$2a$08$UkVvwpULis18S19S5pZFn.YHPZt3oaqHZnDwqbCW9pft6uFtkXKDC'),
(9007, 'frankwilson', 'ROLE_TENANT', 'Frank', 'Wilson', 'frank.wilson@example.com', '123-456-7896', '$2a$08$UkVvwpULis18S19S5pZFn.YHPZt3oaqHZnDwqbCW9pft6uFtkXKDC'),
(9008, 'gracemoore', 'ROLE_TENANT', 'Grace', 'Moore', 'grace.moore@example.com', '123-456-7897', '$2a$08$UkVvwpULis18S19S5pZFn.YHPZt3oaqHZnDwqbCW9pft6uFtkXKDC'),
(9009, 'henrytaylor', 'ROLE_OWNER', 'Henry', 'Taylor', 'henry.taylor@example.com', '123-456-7898', '$2a$08$UkVvwpULis18S19S5pZFn.YHPZt3oaqHZnDwqbCW9pft6uFtkXKDC'),
(9010, 'ivyanderson', 'ROLE_TENANT', 'Ivy', 'Anderson', 'ivy.anderson@example.com', '123-456-7899', '$2a$08$UkVvwpULis18S19S5pZFn.YHPZt3oaqHZnDwqbCW9pft6uFtkXKDC'),
(9011, 'oliviayoung', 'ROLE_TENANT', 'Olivia', 'Young', 'olivia.young@example.com', '123-456-7890', '$2a$08$UkVvwpULis18S19S5pZFn.YHPZt3oaqHZnDwqbCW9pft6uFtkXKDC'),
(9012, 'lucasking', 'ROLE_TENANT', 'Lucas', 'King', 'lucas.king@example.com', '123-456-7891', '$2a$08$UkVvwpULis18S19S5pZFn.YHPZt3oaqHZnDwqbCW9pft6uFtkXKDC'),
(9013, 'miacarter', 'ROLE_TENANT', 'Mia', 'Carter', 'mia.carter@example.com', '123-456-7892', '$2a$08$UkVvwpULis18S19S5pZFn.YHPZt3oaqHZnDwqbCW9pft6uFtkXKDC'),
(9014, 'noahdmas', 'ROLE_TENANT', 'Noah', 'Adams', 'noah.adams@example.com', '123-456-7893', '$2a$08$UkVvwpULis18S19S5pZFn.YHPZt3oaqHZnDwqbCW9pft6uFtkXKDC'),
(9015, 'emmabrown', 'ROLE_TENANT', 'Emma', 'Brown', 'emma.brown@example.com', '123-456-7894', '$2a$08$UkVvwpULis18S19S5pZFn.YHPZt3oaqHZnDwqbCW9pft6uFtkXKDC'),
(9016, 'jacobmiller', 'ROLE_TENANT', 'Jacob', 'Miller', 'jacob.miller@example.com', '123-456-7895', '$2a$08$UkVvwpULis18S19S5pZFn.YHPZt3oaqHZnDwqbCW9pft6uFtkXKDC'),
(9017, 'ethandavis', 'ROLE_TENANT', 'Ethan', 'Davis', 'ethan.davis@example.com', '123-456-7896', '$2a$08$UkVvwpULis18S19S5pZFn.YHPZt3oaqHZnDwqbCW9pft6uFtkXKDC'),
(9018, 'sophiajohnson', 'ROLE_TENANT', 'Sophia', 'Johnson', 'sophia.johnson@example.com', '123-456-7897', '$2a$08$UkVvwpULis18S19S5pZFn.YHPZt3oaqHZnDwqbCW9pft6uFtkXKDC'),
(9019, 'avawilson', 'ROLE_TENANT', 'Ava', 'Wilson', 'ava.wilson@example.com', '123-456-7898', '$2a$08$UkVvwpULis18S19S5pZFn.YHPZt3oaqHZnDwqbCW9pft6uFtkXKDC'),
(9020, 'williamanderson', 'ROLE_TENANT', 'William', 'Anderson', 'william.anderson@example.com', '123-456-7899', '$2a$08$UkVvwpULis18S19S5pZFn.YHPZt3oaqHZnDwqbCW9pft6uFtkXKDC')
;



-- Properties
INSERT INTO properties (prop_id, owner_id, address, city, state, zip, vacancy, pending, rent, bedrooms, bathrooms) VALUES
(9001, 9003, '123 Wabash Ave', 'Chicago', 'IL', 60601, false, false, 1200.00, 3, 2.0),
(9002, 9006, '456 Market St', 'Indianapolis', 'IN', 46201, false, false, 1500.00, 4, 3.0),
(9003, 9009, '789 Grand Blvd', 'Detroit', 'MI', 48201, false, false, 900.00, 2, 1.5),
(9004, 9003, '101 Walnut St', 'Columbus', 'OH', 43201, false, false, 1100.00, 3, 2.0),
(9005, 9006, '202 Cedar Dr', 'Milwaukee', 'WI', 53201, false, false, 1300.00, 3, 2.5),
(9006, 9009, '303 Elmwood Ln', 'St. Louis', 'MO', 63101, false, false, 1000.00, 2, 1.0),
(9007, 9003, '404 Pine St', 'Minneapolis', 'MN', 55401, false, false, 1400.00, 4, 3.0),
(9008, 9006, '505 Maplewood Ct', 'Kansas City', 'MO', 64101, false, false, 950.00, 2, 1.5),
(9009, 9006, '606 Oakwood Rd', 'Cleveland', 'OH', 44101, false, false, 1250.00, 3, 2.0),
(9010, 9009, '707 Birch Ln', 'Cincinnati', 'OH', 45201, false, false, 1150.00, 3, 2.0),
(9011, 9003, '808 Chestnut St', 'Madison', 'WI', 53701, true, false, 1350.00, 3, 2.5),
(9012, 9006, '909 Willow Ave', 'Des Moines', 'IA', 50301, true, true, 1050.00, 2, 1.0),
(9013, 9009, '1010 Cherry Pl', 'Toledo', 'OH', 43601, true, true, 1450.00, 4, 3.5),
(9014, 9003, '1111 Maple St', 'Omaha', 'NE', 68101, true, false, 950.00, 2, 1.5),
(9015, 9006, '1212 Oak St', 'Sioux Falls', 'SD', 57101, true, true, 1250.00, 3, 2.0),
(9016, 9009, '1313 Pine St', 'Fargo', 'ND', 58102, true, false, 1150.00, 3, 2.0),
(9017, 9003, '1414 Birch St', 'Lincoln', 'NE', 68501, true, false, 1550.00, 4, 3.0),
(9018, 9006, '1515 Cedar St', 'Green Bay', 'WI', 54301, true, false, 1000.00, 2, 1.0),
(9019, 9009, '1616 Elm St', 'Lansing', 'MI', 48901, true, true, 1350.00, 3, 2.5),
(9020, 9003, '1717 Fir St', 'Fort Wayne', 'IN', 46801, true, true, 1200.00, 3, 2.0),
(9021, 9003, '123 Broadway', 'New York', 'NY', '10007', true, false, 3500.00, 2, 2.0),
(9022, 9006, '456 Walnut St', 'Philadelphia', 'PA', '19102', true, false, 1800.00, 3, 2.5),
(9023, 9009, '789 Congress Ave', 'Austin', 'TX', '78701', true, false, 2200.00, 2, 2.0),
(9024, 9003, '101 Boulder Ave', 'Tulsa', 'OK', '74103', true, false, 1100.00, 2, 1.5),
(9025, 9006, '202 Peachtree St', 'Atlanta', 'GA', '30303', true, false, 1900.00, 3, 2.0),
(9026, 9009, '303 Newark Ave', 'Jersey City', 'NJ', '07302', true, false, 2800.00, 2, 1.5),
(9027, 9003, '404 Lombard St', 'San Francisco', 'CA', '94111', true, false, 4000.00, 1, 1.0),
(9028, 9006, '505 Bourbon St', 'New Orleans', 'LA', '70130', true, false, 1600.00, 2, 2.0),
(9029, 9009, '606 Michigan Ave', 'Chicago', 'IL', '60611', true, false, 2500.00, 3, 2.5),
(9030, 9003, '707 Newbury St', 'Boston', 'MA', '02116', true, false, 3200.00, 2, 2.0),
(9031, 9006, '808 Pike Place', 'Seattle', 'WA', '98101', true, false, 2700.00, 2, 2.0),
(9032, 9009, '909 Ocean Dr', 'Miami Beach', 'FL', '33139', true, false, 2300.00, 1, 1.5),
(9033, 9003, '1010 Fremont St', 'Las Vegas', 'NV', '89101', true, false, 1700.00, 2, 2.0),
(9034, 9006, '1111 Pearl St', 'Boulder', 'CO', '80302', true, false, 2000.00, 3, 2.5),
(9035, 9009, '1212 Music Row', 'Nashville', 'TN', '37203', true, false, 1800.00, 2, 2.0),
(9036, 9003, '1313 South St', 'Philadelphia', 'PA', '19147', true, false, 1900.00, 3, 2.0),
(9037, 9006, '1414 Rainey St', 'Austin', 'TX', '78701', true, false, 2100.00, 2, 2.0),
(9038, 9009, '1515 Riverside Dr', 'Tulsa', 'OK', '74119', true, false, 1200.00, 2, 1.5),
(9039, 9003, '1616 Ponce de Leon Ave', 'Atlanta', 'GA', '30307', true, false, 1700.00, 2, 2.0),
(9040, 9006, '1717 Hudson St', 'Hoboken', 'NJ', '07030', true, false, 2600.00, 1, 1.0),
(9041, 9009, '1818 5th Ave', 'New York', 'NY', '10065', true, false, 5000.00, 3, 3.5),
(9042, 9003, '1919 Chestnut St', 'Philadelphia', 'PA', '19103', true, false, 2200.00, 2, 2.0),
(9043, 9006, '2020 6th St', 'Austin', 'TX', '78703', true, false, 2400.00, 3, 2.5),
(9044, 9009, '2121 Cherry St', 'Tulsa', 'OK', '74114', true, false, 1300.00, 2, 2.0),
(9045, 9003, '2222 Piedmont Rd', 'Atlanta', 'GA', '30305', true, false, 2100.00, 3, 2.5),
(9046, 9006, '2323 Washington St', 'Hoboken', 'NJ', '07030', true, false, 2900.00, 2, 2.0),
(9047, 9009, '2424 Lexington Ave', 'New York', 'NY', '10016', true, false, 4500.00, 2, 2.0),
(9048, 9003, '2525 Spruce St', 'Philadelphia', 'PA', '19103', true, false, 2000.00, 3, 2.0),
(9049, 9006, '2626 Barton Springs Rd', 'Austin', 'TX', '78704', true, false, 2300.00, 2, 2.0),
(9050, 9009, '2727 Utica Square', 'Tulsa', 'OK', '74114', true, false, 1400.00, 2, 2.0),
(9051, 9003, '2828 Lenox Rd', 'Atlanta', 'GA', '30324', true, false, 2000.00, 3, 2.5),
(9052, 9006, '2929 River Rd', 'New Jersey', 'NJ', '07094', true, false, 3100.00, 2, 2.0),
(9053, 9009, '3030 Park Ave', 'New York', 'NY', '10016', true, false, 4800.00, 3, 3.0),
(9054, 9003, '3131 Walnut St', 'Philadelphia', 'PA', '19104', true, false, 1900.00, 2, 1.5),
(9055, 9006, '3232 Guadalupe St', 'Austin', 'TX', '78705', true, false, 2000.00, 2, 2.0),
(9056, 9009, '3333 Peoria Ave', 'Tulsa', 'OK', '74105', true, false, 1250.00, 2, 1.5),
(9057, 9003, '3434 Roswell Rd', 'Atlanta', 'GA', '30305', true, false, 2200.00, 3, 2.5),
(9058, 9006, '3535 Bloomfield St', 'Hoboken', 'NJ', '07030', true, false, 2700.00, 1, 1.0),
(9059, 9009, '3636 Madison Ave', 'New York', 'NY', '10017', true, false, 5200.00, 3, 3.0),
(9060, 9003, '3737 Market St', 'Philadelphia', 'PA', '19104', true, false, 2100.00, 2, 2.0),
(9061, 9006, '3838 South Congress Ave', 'Austin', 'TX', '78704', true, false, 2500.00, 3, 2.5),
(9062, 9009, '3939 Brookside Blvd', 'Tulsa', 'OK', '74105', true, false, 1350.00, 2, 2.0),
(9063, 9003, '4040 Peachtree Rd', 'Atlanta', 'GA', '30319', true, false, 2300.00, 3, 2.5),
(9064, 9006, '4141 Willow Ave', 'Hoboken', 'NJ', '07030', true, false, 3000.00, 2, 2.0),
(9065, 9009, '4242 Broadway', 'New York', 'NY', '10033', true, false, 3800.00, 2, 2.0),
(9066, 9003, '4343 Locust St', 'Philadelphia', 'PA', '19104', true, false, 1950.00, 2, 1.5),
(9067, 9006, '4444 Lamar Blvd', 'Austin', 'TX', '78751', true, false, 2150.00, 2, 2.0),
(9068, 9009, '4545 Yale Ave', 'Tulsa', 'OK', '74135', true, false, 1150.00, 1, 1.0),
(9069, 9003, '4646 Ponce de Leon Ave', 'Atlanta', 'GA', '30308', true, false, 1800.00, 2, 2.0),
(9070, 9006, '4747 Park Ave', 'Hoboken', 'NJ', '07030', true, false, 2800.00, 2, 2.0)
;


-- Amenities
INSERT INTO amenities (prop_id, dishwasher, central_air, laundry, pets_allowed) VALUES
(9001, true, true, true, false),
(9002, true, false, true, true),
(9003, false, true, false, false),
(9004, true, true, true, true),
(9005, false, false, true, false),
(9006, true, true, false, true),
(9007, false, true, true, false),
(9008, true, true, true, true),
(9009, true, false, true, false),
(9010, false, true, false, true),
(9011, true, false, true, false),
(9012, false, true, false, true),
(9013, true, true, true, false),
(9014, false, false, true, true),
(9015, true, true, false, false),
(9016, false, false, true, true),
(9017, true, true, true, false),
(9018, false, true, false, true),
(9019, true, false, true, false),
(9020, false, true, false, true),
(9021, true, true, true, false),
(9022, true, true, false, true),
(9023, true, true, true, true),
(9024, false, true, false, true),
(9025, true, true, true, false),
(9026, true, true, false, false),
(9027, true, true, true, false),
(9028, false, true, false, true),
(9029, true, true, true, true),
(9030, true, true, true, false),
(9031, true, true, true, true),
(9032, true, true, false, false),
(9033, true, true, true, true),
(9034, true, true, true, false),
(9035, false, true, false, true),
(9036, true, true, true, true),
(9037, true, true, true, false),
(9038, false, true, false, true),
(9039, true, true, true, false),
(9040, true, true, false, false),
(9041, true, true, true, true),
(9042, true, true, true, false),
(9043, true, true, true, true),
(9044, false, true, false, true),
(9045, true, true, true, false),
(9046, true, true, false, false),
(9047, true, true, true, true),
(9048, true, true, true, false),
(9049, true, true, true, true),
(9050, false, true, false, true),
(9051, true, true, true, false),
(9052, true, true, false, false),
(9053, true, true, true, true),
(9054, true, true, true, false),
(9055, true, true, true, true),
(9056, false, true, false, true),
(9057, true, true, true, false),
(9058, true, true, false, false),
(9059, true, true, true, true),
(9060, true, true, true, false),
(9061, true, true, true, true),
(9062, false, true, false, true),
(9063, true, true, true, false),
(9064, true, true, false, false),
(9065, true, true, true, true),
(9066, true, true, true, false),
(9067, true, true, true, true),
(9068, false, true, false, true),
(9069, true, true, true, false),
(9070, true, true, false, false)
;

-- Images
INSERT INTO images (img_id, prop_id, img_url) VALUES
(9001, 9001, 'https://photos.zillowstatic.com/fp/7300956bf9c2e2b7d6e9265274dfe90d-cc_ft_576.jpeg'),
(9002, 9001, 'https://photos.zillowstatic.com/fp/094cad6f3fd4b93d0b88b104e83d0835-cc_ft_960.jpeg'),
(9003, 9001, 'https://photos.zillowstatic.com/fp/22552d87c7bf1f3432951d46224bd9bd-cc_ft_576.jpeg'),
(9004, 9001, 'https://photos.zillowstatic.com/fp/5d01fe1bc0a4d47688ab4fa5feb6e299-cc_ft_576.jpeg'),
(9005, 9001, 'https://photos.zillowstatic.com/fp/5b074ede2cadae73a60b130217a7c030-cc_ft_960.jpeg'),
(9006, 9002, 'https://photos.zillowstatic.com/fp/4a6baebfd3a8a0521e2697ddc49c80b7-cc_ft_768.webp'),
(9007, 9002, 'https://photos.zillowstatic.com/fp/fc4558349a6216ec83d16bbbfbd5b9af-cc_ft_768.webp'),
(9008, 9002, 'https://photos.zillowstatic.com/fp/df7a886fe06419a05d60382a78108b43-uncropped_scaled_within_1536_1152.webp'),
(9009, 9002, 'https://photos.zillowstatic.com/fp/2e42ecc65a7514cc570fe2d8948b2dca-uncropped_scaled_within_1536_1152.webp'),
(9010, 9002, 'https://photos.zillowstatic.com/fp/5033a0ca716f96ef65ebfd09792ffd35-cc_ft_768.webp'),
(9011, 9003, 'https://photos.zillowstatic.com/fp/c943c48e82899923c224207a4ed70279-cc_ft_960.jpeg'),
(9012, 9003, 'https://photos.zillowstatic.com/fp/ae94438ba3ca9b57f2a0e8c2846b5f35-cc_ft_576.jpeg'),
(9013, 9003, 'https://photos.zillowstatic.com/fp/e9fceb484fbda67f579fd1967da1ed32-cc_ft_576.jpeg'),
(9014, 9003, 'https://photos.zillowstatic.com/fp/e8448063ac3e327424e98e1a174fa742-cc_ft_960.jpeg'),
(9015, 9003, 'https://photos.zillowstatic.com/fp/57de2d66b4a184dcba312207cbbfbac5-cc_ft_576.jpeg'),
(9016, 9004, 'https://photos.prod.cirrussystem.net/712/9abd0ebb51c37a5b80fc5e9a94391bed/44466929.jpeg?d=l'),
(9017, 9004, 'https://photos.prod.cirrussystem.net/712/9abd0ebb51c37a5b80fc5e9a94391bed/1714803251.jpeg?d=l'),
(9018, 9004, 'https://photos.prod.cirrussystem.net/712/9abd0ebb51c37a5b80fc5e9a94391bed/2256398421.jpeg?d=l'),
(9019, 9004, 'https://photos.prod.cirrussystem.net/712/9abd0ebb51c37a5b80fc5e9a94391bed/1189049495.jpeg?d=l'),
(9020, 9004, 'https://photos.prod.cirrussystem.net/712/9abd0ebb51c37a5b80fc5e9a94391bed/4000215152.jpeg?d=l'),
(9021, 9005, 'https://photos.zillowstatic.com/fp/f144e982d7d111dafb3252695b9a86d3-cc_ft_768.webp'),
(9022, 9005, 'https://photos.zillowstatic.com/fp/76642f8ae5c93f4cc72c64003c501418-uncropped_scaled_within_1536_1152.webp'),
(9023, 9005, 'https://photos.zillowstatic.com/fp/ecd703257cc580624fa504d4e936464a-uncropped_scaled_within_1536_1152.webp'),
(9024, 9005, 'https://photos.zillowstatic.com/fp/6240f640fde1e976094e07f06eb87f4b-uncropped_scaled_within_1536_1152.webp'),
(9025, 9005, 'https://photos.zillowstatic.com/fp/34b4978baef606432bebfd1d8b6d24e3-uncropped_scaled_within_1536_1152.webp'),
(9026, 9006, 'https://photos.prod.cirrussystem.net/712/9abd0ebb51c37a5b80fc5e9a94391bed/44466929.jpeg?d=l'),
(9027, 9006, 'https://photos.prod.cirrussystem.net/712/9abd0ebb51c37a5b80fc5e9a94391bed/1714803251.jpeg?d=l'),
(9028, 9006, 'https://photos.prod.cirrussystem.net/712/9abd0ebb51c37a5b80fc5e9a94391bed/2256398421.jpeg?d=l'),
(9029, 9006, 'https://photos.prod.cirrussystem.net/712/9abd0ebb51c37a5b80fc5e9a94391bed/1189049495.jpeg?d=l'),
(9030, 9006, 'https://photos.prod.cirrussystem.net/712/9abd0ebb51c37a5b80fc5e9a94391bed/4000215152.jpeg?d=l'),
(9031, 9007, 'https://photos.zillowstatic.com/fp/c943c48e82899923c224207a4ed70279-cc_ft_960.jpeg'),
(9032, 9007, 'https://photos.zillowstatic.com/fp/ae94438ba3ca9b57f2a0e8c2846b5f35-cc_ft_576.jpeg'),
(9033, 9007, 'https://photos.zillowstatic.com/fp/e9fceb484fbda67f579fd1967da1ed32-cc_ft_576.jpeg'),
(9034, 9007, 'https://photos.zillowstatic.com/fp/e8448063ac3e327424e98e1a174fa742-cc_ft_960.jpeg'),
(9035, 9007, 'https://photos.zillowstatic.com/fp/57de2d66b4a184dcba312207cbbfbac5-cc_ft_576.jpeg'),
(9036, 9008, 'https://photos.prod.cirrussystem.net/712/9abd0ebb51c37a5b80fc5e9a94391bed/44466929.jpeg?d=l'),
(9037, 9008, 'https://photos.prod.cirrussystem.net/712/9abd0ebb51c37a5b80fc5e9a94391bed/1714803251.jpeg?d=l'),
(9038, 9008, 'https://photos.prod.cirrussystem.net/712/9abd0ebb51c37a5b80fc5e9a94391bed/2256398421.jpeg?d=l'),
(9039, 9008, 'https://photos.prod.cirrussystem.net/712/9abd0ebb51c37a5b80fc5e9a94391bed/1189049495.jpeg?d=l'),
(9040, 9008, 'https://photos.prod.cirrussystem.net/712/9abd0ebb51c37a5b80fc5e9a94391bed/4000215152.jpeg?d=l'),
(9041, 9009, 'https://photos.zillowstatic.com/fp/c943c48e82899923c224207a4ed70279-cc_ft_960.jpeg'),
(9042, 9009, 'https://photos.zillowstatic.com/fp/ae94438ba3ca9b57f2a0e8c2846b5f35-cc_ft_576.jpeg'),
(9043, 9009, 'https://photos.zillowstatic.com/fp/e9fceb484fbda67f579fd1967da1ed32-cc_ft_576.jpeg'),
(9044, 9009, 'https://photos.zillowstatic.com/fp/e8448063ac3e327424e98e1a174fa742-cc_ft_960.jpeg'),
(9045, 9009, 'https://photos.zillowstatic.com/fp/57de2d66b4a184dcba312207cbbfbac5-cc_ft_576.jpeg'),
(9046, 9010, 'https://photos.prod.cirrussystem.net/712/9abd0ebb51c37a5b80fc5e9a94391bed/44466929.jpeg?d=l'),
(9047, 9010, 'https://photos.prod.cirrussystem.net/712/9abd0ebb51c37a5b80fc5e9a94391bed/1714803251.jpeg?d=l'),
(9048, 9010, 'https://photos.prod.cirrussystem.net/712/9abd0ebb51c37a5b80fc5e9a94391bed/2256398421.jpeg?d=l'),
(9049, 9010, 'https://photos.prod.cirrussystem.net/712/9abd0ebb51c37a5b80fc5e9a94391bed/1189049495.jpeg?d=l'),
(9050, 9010, 'https://photos.prod.cirrussystem.net/712/9abd0ebb51c37a5b80fc5e9a94391bed/4000215152.jpeg?d=l'),
(9051, 9011, 'https://photos.zillowstatic.com/fp/c943c48e82899923c224207a4ed70279-cc_ft_960.jpeg'),
(9052, 9011, 'https://photos.zillowstatic.com/fp/ae94438ba3ca9b57f2a0e8c2846b5f35-cc_ft_576.jpeg'),
(9053, 9011, 'https://photos.zillowstatic.com/fp/e9fceb484fbda67f579fd1967da1ed32-cc_ft_576.jpeg'),
(9054, 9011, 'https://photos.zillowstatic.com/fp/e8448063ac3e327424e98e1a174fa742-cc_ft_960.jpeg'),
(9055, 9011, 'https://photos.zillowstatic.com/fp/57de2d66b4a184dcba312207cbbfbac5-cc_ft_576.jpeg'),
(9056, 9012, 'https://photos.prod.cirrussystem.net/712/9abd0ebb51c37a5b80fc5e9a94391bed/44466929.jpeg?d=l'),
(9057, 9012, 'https://photos.prod.cirrussystem.net/712/9abd0ebb51c37a5b80fc5e9a94391bed/1714803251.jpeg?d=l'),
(9058, 9012, 'https://photos.prod.cirrussystem.net/712/9abd0ebb51c37a5b80fc5e9a94391bed/2256398421.jpeg?d=l'),
(9059, 9012, 'https://photos.prod.cirrussystem.net/712/9abd0ebb51c37a5b80fc5e9a94391bed/1189049495.jpeg?d=l'),
(9060, 9012, 'https://photos.prod.cirrussystem.net/712/9abd0ebb51c37a5b80fc5e9a94391bed/4000215152.jpeg?d=l'),
(9061, 9013, 'https://photos.zillowstatic.com/fp/c943c48e82899923c224207a4ed70279-cc_ft_960.jpeg'),
(9062, 9013, 'https://photos.zillowstatic.com/fp/ae94438ba3ca9b57f2a0e8c2846b5f35-cc_ft_576.jpeg'),
(9063, 9013, 'https://photos.zillowstatic.com/fp/e9fceb484fbda67f579fd1967da1ed32-cc_ft_576.jpeg'),
(9064, 9013, 'https://photos.zillowstatic.com/fp/e8448063ac3e327424e98e1a174fa742-cc_ft_960.jpeg'),
(9065, 9013, 'https://photos.zillowstatic.com/fp/57de2d66b4a184dcba312207cbbfbac5-cc_ft_576.jpeg'),
(9066, 9014, 'https://photos.zillowstatic.com/fp/6fd771afe4630c82358de4b6908ba80f-uncropped_scaled_within_1536_1152.webp'),
(9067, 9014, 'https://photos.zillowstatic.com/fp/5942d83a3063d9087a8de0a4a4900b00-cc_ft_768.webp'),
(9068, 9014, 'https://photos.zillowstatic.com/fp/fcc4865a81f3e4dda7f58c01b063066d-cc_ft_768.webp'),
(9069, 9014, 'https://photos.zillowstatic.com/fp/6beecf94b80d86556ff8b8ce86fb3a00-cc_ft_768.webp'),
(9070, 9014, 'https://photos.zillowstatic.com/fp/1eb9c3d0f2179c620fa9914cc9ba5a7c-uncropped_scaled_within_1536_1152.webp'),
(9071, 9015, 'https://photos.zillowstatic.com/fp/c943c48e82899923c224207a4ed70279-cc_ft_960.jpeg'),
(9072, 9015, 'https://photos.zillowstatic.com/fp/ae94438ba3ca9b57f2a0e8c2846b5f35-cc_ft_576.jpeg'),
(9073, 9015, 'https://photos.zillowstatic.com/fp/e9fceb484fbda67f579fd1967da1ed32-cc_ft_576.jpeg'),
(9074, 9015, 'https://photos.zillowstatic.com/fp/e8448063ac3e327424e98e1a174fa742-cc_ft_960.jpeg'),
(9075, 9015, 'https://photos.zillowstatic.com/fp/57de2d66b4a184dcba312207cbbfbac5-cc_ft_576.jpeg'),
(9076, 9016, 'https://photos.prod.cirrussystem.net/712/9abd0ebb51c37a5b80fc5e9a94391bed/44466929.jpeg?d=l'),
(9077, 9016, 'https://photos.prod.cirrussystem.net/712/9abd0ebb51c37a5b80fc5e9a94391bed/1714803251.jpeg?d=l'),
(9078, 9016, 'https://photos.prod.cirrussystem.net/712/9abd0ebb51c37a5b80fc5e9a94391bed/2256398421.jpeg?d=l'),
(9079, 9016, 'https://photos.prod.cirrussystem.net/712/9abd0ebb51c37a5b80fc5e9a94391bed/1189049495.jpeg?d=l'),
(9080, 9016, 'https://photos.prod.cirrussystem.net/712/9abd0ebb51c37a5b80fc5e9a94391bed/4000215152.jpeg?d=l'),
(9081, 9017, 'https://photos.zillowstatic.com/fp/b71d61be61f079a6343f74969a20262e-cc_ft_768.webp'),
(9082, 9017, 'https://photos.zillowstatic.com/fp/f5e60a5a0cfafe8e48c537536568d05d-cc_ft_768.webp'),
(9083, 9017, 'https://photos.zillowstatic.com/fp/2554ebc01b589d80c17db9c6cf4f5c1c-cc_ft_768.webp'),
(9084, 9017, 'https://photos.zillowstatic.com/fp/14a2e27550409b0788e27ffe39d0cb99-cc_ft_768.webp'),
(9085, 9017, 'https://photos.zillowstatic.com/fp/c9ef9f234f9f91477050093ffd871986-cc_ft_768.webp'),
(9086, 9018, 'https://photos.prod.cirrussystem.net/712/9abd0ebb51c37a5b80fc5e9a94391bed/44466929.jpeg?d=l'),
(9087, 9018, 'https://photos.prod.cirrussystem.net/712/9abd0ebb51c37a5b80fc5e9a94391bed/1714803251.jpeg?d=l'),
(9088, 9018, 'https://photos.prod.cirrussystem.net/712/9abd0ebb51c37a5b80fc5e9a94391bed/2256398421.jpeg?d=l'),
(9089, 9018, 'https://photos.prod.cirrussystem.net/712/9abd0ebb51c37a5b80fc5e9a94391bed/1189049495.jpeg?d=l'),
(9090, 9018, 'https://photos.prod.cirrussystem.net/712/9abd0ebb51c37a5b80fc5e9a94391bed/4000215152.jpeg?d=l'),
(9091, 9019, 'https://photos.zillowstatic.com/fp/c943c48e82899923c224207a4ed70279-cc_ft_960.jpeg'),
(9092, 9019, 'https://photos.zillowstatic.com/fp/ae94438ba3ca9b57f2a0e8c2846b5f35-cc_ft_576.jpeg'),
(9093, 9019, 'https://photos.zillowstatic.com/fp/e9fceb484fbda67f579fd1967da1ed32-cc_ft_576.jpeg'),
(9094, 9019, 'https://photos.zillowstatic.com/fp/e8448063ac3e327424e98e1a174fa742-cc_ft_960.jpeg'),
(9095, 9019, 'https://photos.zillowstatic.com/fp/57de2d66b4a184dcba312207cbbfbac5-cc_ft_576.jpeg'),
(9096, 9020, 'https://photos.zillowstatic.com/fp/3ae0fcbf581bb6ed0a2c787efe528c9b-cc_ft_768.webp'),
(9097, 9020, 'https://photos.zillowstatic.com/fp/a72119cb89ec38e2837c34bb407b822f-cc_ft_768.webp'),
(9098, 9020, 'https://photos.zillowstatic.com/fp/50e65252a671dab7f4366d5a90a0be45-uncropped_scaled_within_1536_1152.webp'),
(9099, 9020, 'https://photos.zillowstatic.com/fp/6c23338bf62a485868c0ee4074aa141f-uncropped_scaled_within_1536_1152.webp'),
(9100, 9020, 'https://photos.zillowstatic.com/fp/6ff89c30a4d6a7834d5157d69edad5d4-uncropped_scaled_within_1536_1152.webp'),
(9101, 9021, 'https://photos.zillowstatic.com/fp/7300956bf9c2e2b7d6e9265274dfe90d-cc_ft_576.jpeg'),
(9102, 9021, 'https://photos.zillowstatic.com/fp/094cad6f3fd4b93d0b88b104e83d0835-cc_ft_960.jpeg'),
(9103, 9021, 'https://photos.zillowstatic.com/fp/22552d87c7bf1f3432951d46224bd9bd-cc_ft_576.jpeg'),
(9104, 9021, 'https://photos.zillowstatic.com/fp/5d01fe1bc0a4d47688ab4fa5feb6e299-cc_ft_576.jpeg'),
(9105, 9021, 'https://photos.zillowstatic.com/fp/5b074ede2cadae73a60b130217a7c030-cc_ft_960.jpeg'),
(9106, 9022, 'https://photos.zillowstatic.com/fp/4a6baebfd3a8a0521e2697ddc49c80b7-cc_ft_768.webp'),
(9107, 9022, 'https://photos.zillowstatic.com/fp/fc4558349a6216ec83d16bbbfbd5b9af-cc_ft_768.webp'),
(9108, 9022, 'https://photos.zillowstatic.com/fp/df7a886fe06419a05d60382a78108b43-uncropped_scaled_within_1536_1152.webp'),
(9109, 9022, 'https://photos.zillowstatic.com/fp/2e42ecc65a7514cc570fe2d8948b2dca-uncropped_scaled_within_1536_1152.webp'),
(9110, 9022, 'https://photos.zillowstatic.com/fp/5033a0ca716f96ef65ebfd09792ffd35-cc_ft_768.webp'),
(9111, 9023, 'https://photos.zillowstatic.com/fp/c943c48e82899923c224207a4ed70279-cc_ft_960.jpeg'),
(9112, 9023, 'https://photos.zillowstatic.com/fp/ae94438ba3ca9b57f2a0e8c2846b5f35-cc_ft_576.jpeg'),
(9113, 9023, 'https://photos.zillowstatic.com/fp/e9fceb484fbda67f579fd1967da1ed32-cc_ft_576.jpeg'),
(9114, 9023, 'https://photos.zillowstatic.com/fp/e8448063ac3e327424e98e1a174fa742-cc_ft_960.jpeg'),
(9115, 9023, 'https://photos.zillowstatic.com/fp/57de2d66b4a184dcba312207cbbfbac5-cc_ft_576.jpeg'),
(9116, 9024, 'https://photos.prod.cirrussystem.net/712/9abd0ebb51c37a5b80fc5e9a94391bed/44466929.jpeg?d=l'),
(9117, 9024, 'https://photos.prod.cirrussystem.net/712/9abd0ebb51c37a5b80fc5e9a94391bed/1714803251.jpeg?d=l'),
(9118, 9024, 'https://photos.prod.cirrussystem.net/712/9abd0ebb51c37a5b80fc5e9a94391bed/2256398421.jpeg?d=l'),
(9119, 9024, 'https://photos.prod.cirrussystem.net/712/9abd0ebb51c37a5b80fc5e9a94391bed/1189049495.jpeg?d=l'),
(9120, 9024, 'https://photos.prod.cirrussystem.net/712/9abd0ebb51c37a5b80fc5e9a94391bed/4000215152.jpeg?d=l'),
(9121, 9025, 'https://photos.zillowstatic.com/fp/f144e982d7d111dafb3252695b9a86d3-cc_ft_768.webp'),
(9122, 9025, 'https://photos.zillowstatic.com/fp/76642f8ae5c93f4cc72c64003c501418-uncropped_scaled_within_1536_1152.webp'),
(9123, 9025, 'https://photos.zillowstatic.com/fp/ecd703257cc580624fa504d4e936464a-uncropped_scaled_within_1536_1152.webp'),
(9124, 9025, 'https://photos.zillowstatic.com/fp/6240f640fde1e976094e07f06eb87f4b-uncropped_scaled_within_1536_1152.webp'),
(9125, 9025, 'https://photos.zillowstatic.com/fp/34b4978baef606432bebfd1d8b6d24e3-uncropped_scaled_within_1536_1152.webp'),
(9126, 9026, 'https://photos.prod.cirrussystem.net/712/9abd0ebb51c37a5b80fc5e9a94391bed/44466929.jpeg?d=l'),
(9127, 9026, 'https://photos.prod.cirrussystem.net/712/9abd0ebb51c37a5b80fc5e9a94391bed/1714803251.jpeg?d=l'),
(9128, 9026, 'https://photos.prod.cirrussystem.net/712/9abd0ebb51c37a5b80fc5e9a94391bed/2256398421.jpeg?d=l'),
(9129, 9026, 'https://photos.prod.cirrussystem.net/712/9abd0ebb51c37a5b80fc5e9a94391bed/1189049495.jpeg?d=l'),
(9130, 9026, 'https://photos.prod.cirrussystem.net/712/9abd0ebb51c37a5b80fc5e9a94391bed/4000215152.jpeg?d=l'),
(9131, 9027, 'https://photos.zillowstatic.com/fp/c943c48e82899923c224207a4ed70279-cc_ft_960.jpeg'),
(9132, 9027, 'https://photos.zillowstatic.com/fp/ae94438ba3ca9b57f2a0e8c2846b5f35-cc_ft_576.jpeg'),
(9133, 9027, 'https://photos.zillowstatic.com/fp/e9fceb484fbda67f579fd1967da1ed32-cc_ft_576.jpeg'),
(9134, 9027, 'https://photos.zillowstatic.com/fp/e8448063ac3e327424e98e1a174fa742-cc_ft_960.jpeg'),
(9135, 9027, 'https://photos.zillowstatic.com/fp/57de2d66b4a184dcba312207cbbfbac5-cc_ft_576.jpeg'),
(9136, 9028, 'https://photos.prod.cirrussystem.net/712/9abd0ebb51c37a5b80fc5e9a94391bed/44466929.jpeg?d=l'),
(9137, 9028, 'https://photos.prod.cirrussystem.net/712/9abd0ebb51c37a5b80fc5e9a94391bed/1714803251.jpeg?d=l'),
(9138, 9028, 'https://photos.prod.cirrussystem.net/712/9abd0ebb51c37a5b80fc5e9a94391bed/2256398421.jpeg?d=l'),
(9139, 9028, 'https://photos.prod.cirrussystem.net/712/9abd0ebb51c37a5b80fc5e9a94391bed/1189049495.jpeg?d=l'),
(9140, 9028, 'https://photos.prod.cirrussystem.net/712/9abd0ebb51c37a5b80fc5e9a94391bed/4000215152.jpeg?d=l'),
(9141, 9029, 'https://photos.zillowstatic.com/fp/c943c48e82899923c224207a4ed70279-cc_ft_960.jpeg'),
(9142, 9029, 'https://photos.zillowstatic.com/fp/ae94438ba3ca9b57f2a0e8c2846b5f35-cc_ft_576.jpeg'),
(9143, 9029, 'https://photos.zillowstatic.com/fp/e9fceb484fbda67f579fd1967da1ed32-cc_ft_576.jpeg'),
(9144, 9029, 'https://photos.zillowstatic.com/fp/e8448063ac3e327424e98e1a174fa742-cc_ft_960.jpeg'),
(9145, 9029, 'https://photos.zillowstatic.com/fp/57de2d66b4a184dcba312207cbbfbac5-cc_ft_576.jpeg'),
(9146, 9030, 'https://photos.prod.cirrussystem.net/712/9abd0ebb51c37a5b80fc5e9a94391bed/44466929.jpeg?d=l'),
(9147, 9030, 'https://photos.prod.cirrussystem.net/712/9abd0ebb51c37a5b80fc5e9a94391bed/1714803251.jpeg?d=l'),
(9148, 9030, 'https://photos.prod.cirrussystem.net/712/9abd0ebb51c37a5b80fc5e9a94391bed/2256398421.jpeg?d=l'),
(9149, 9030, 'https://photos.prod.cirrussystem.net/712/9abd0ebb51c37a5b80fc5e9a94391bed/1189049495.jpeg?d=l'),
(9150, 9030, 'https://photos.prod.cirrussystem.net/712/9abd0ebb51c37a5b80fc5e9a94391bed/4000215152.jpeg?d=l'),
(9151, 9031, 'https://photos.zillowstatic.com/fp/c943c48e82899923c224207a4ed70279-cc_ft_960.jpeg'),
(9152, 9031, 'https://photos.zillowstatic.com/fp/ae94438ba3ca9b57f2a0e8c2846b5f35-cc_ft_576.jpeg'),
(9153, 9031, 'https://photos.zillowstatic.com/fp/e9fceb484fbda67f579fd1967da1ed32-cc_ft_576.jpeg'),
(9154, 9031, 'https://photos.zillowstatic.com/fp/e8448063ac3e327424e98e1a174fa742-cc_ft_960.jpeg'),
(9155, 9031, 'https://photos.zillowstatic.com/fp/57de2d66b4a184dcba312207cbbfbac5-cc_ft_576.jpeg'),
(9156, 9032, 'https://photos.prod.cirrussystem.net/712/9abd0ebb51c37a5b80fc5e9a94391bed/44466929.jpeg?d=l'),
(9157, 9032, 'https://photos.prod.cirrussystem.net/712/9abd0ebb51c37a5b80fc5e9a94391bed/1714803251.jpeg?d=l'),
(9158, 9032, 'https://photos.prod.cirrussystem.net/712/9abd0ebb51c37a5b80fc5e9a94391bed/2256398421.jpeg?d=l'),
(9159, 9032, 'https://photos.prod.cirrussystem.net/712/9abd0ebb51c37a5b80fc5e9a94391bed/1189049495.jpeg?d=l'),
(9160, 9032, 'https://photos.prod.cirrussystem.net/712/9abd0ebb51c37a5b80fc5e9a94391bed/4000215152.jpeg?d=l'),
(9161, 9033, 'https://photos.zillowstatic.com/fp/c943c48e82899923c224207a4ed70279-cc_ft_960.jpeg'),
(9162, 9033, 'https://photos.zillowstatic.com/fp/ae94438ba3ca9b57f2a0e8c2846b5f35-cc_ft_576.jpeg'),
(9163, 9033, 'https://photos.zillowstatic.com/fp/e9fceb484fbda67f579fd1967da1ed32-cc_ft_576.jpeg'),
(9164, 9033, 'https://photos.zillowstatic.com/fp/e8448063ac3e327424e98e1a174fa742-cc_ft_960.jpeg'),
(9165, 9033, 'https://photos.zillowstatic.com/fp/57de2d66b4a184dcba312207cbbfbac5-cc_ft_576.jpeg'),
(9166, 9034, 'https://photos.zillowstatic.com/fp/6fd771afe4630c82358de4b6908ba80f-uncropped_scaled_within_1536_1152.webp'),
(9167, 9034, 'https://photos.zillowstatic.com/fp/5942d83a3063d9087a8de0a4a4900b00-cc_ft_768.webp'),
(9168, 9034, 'https://photos.zillowstatic.com/fp/fcc4865a81f3e4dda7f58c01b063066d-cc_ft_768.webp'),
(9169, 9034, 'https://photos.zillowstatic.com/fp/6beecf94b80d86556ff8b8ce86fb3a00-cc_ft_768.webp'),
(9170, 9034, 'https://photos.zillowstatic.com/fp/1eb9c3d0f2179c620fa9914cc9ba5a7c-uncropped_scaled_within_1536_1152.webp'),
(9171, 9035, 'https://photos.zillowstatic.com/fp/22552d87c7bf1f3432951d46224bd9bd-cc_ft_576.jpeg'),
(9172, 9035, 'https://photos.zillowstatic.com/fp/5d01fe1bc0a4d47688ab4fa5feb6e299-cc_ft_576.jpeg'),
(9173, 9035, 'https://photos.zillowstatic.com/fp/094cad6f3fd4b93d0b88b104e83d0835-cc_ft_960.jpeg'),
(9174, 9035, 'https://photos.prod.cirrussystem.net/712/9abd0ebb51c37a5b80fc5e9a94391bed/44466929.jpeg?d=l'),
(9175, 9035, 'https://photos.prod.cirrussystem.net/712/9abd0ebb51c37a5b80fc5e9a94391bed/4000215152.jpeg?d=l'),
(9176, 9036, 'https://photos.zillowstatic.com/fp/fc4558349a6216ec83d16bbbfbd5b9af-cc_ft_768.webp'),
(9177, 9036, 'https://photos.zillowstatic.com/fp/df7a886fe06419a05d60382a78108b43-uncropped_scaled_within_1536_1152.webp'),
(9178, 9036, 'https://photos.zillowstatic.com/fp/2e42ecc65a7514cc570fe2d8948b2dca-uncropped_scaled_within_1536_1152.webp'),
(9179, 9036, 'https://photos.zillowstatic.com/fp/5033a0ca716f96ef65ebfd09792ffd35-cc_ft_768.webp'),
(9180, 9036, 'https://photos.zillowstatic.com/fp/76642f8ae5c93f4cc72c64003c501418-uncropped_scaled_within_1536_1152.webp'),
(9181, 9037, 'https://photos.zillowstatic.com/fp/ae94438ba3ca9b57f2a0e8c2846b5f35-cc_ft_576.jpeg'),
(9182, 9037, 'https://photos.zillowstatic.com/fp/57de2d66b4a184dcba312207cbbfbac5-cc_ft_576.jpeg'),
(9183, 9037, 'https://photos.zillowstatic.com/fp/e9fceb484fbda67f579fd1967da1ed32-cc_ft_576.jpeg'),
(9184, 9037, 'https://photos.zillowstatic.com/fp/e8448063ac3e327424e98e1a174fa742-cc_ft_960.jpeg'),
(9185, 9037, 'https://photos.zillowstatic.com/fp/c943c48e82899923c224207a4ed70279-cc_ft_960.jpeg'),
(9186, 9038, 'https://photos.prod.cirrussystem.net/712/9abd0ebb51c37a5b80fc5e9a94391bed/44466929.jpeg?d=l'),
(9187, 9038, 'https://photos.prod.cirrussystem.net/712/9abd0ebb51c37a5b80fc5e9a94391bed/1714803251.jpeg?d=l'),
(9188, 9038, 'https://photos.prod.cirrussystem.net/712/9abd0ebb51c37a5b80fc5e9a94391bed/2256398421.jpeg?d=l'),
(9189, 9038, 'https://photos.prod.cirrussystem.net/712/9abd0ebb51c37a5b80fc5e9a94391bed/1189049495.jpeg?d=l'),
(9190, 9038, 'https://photos.prod.cirrussystem.net/712/9abd0ebb51c37a5b80fc5e9a94391bed/4000215152.jpeg?d=l'),
(9191, 9039, 'https://photos.zillowstatic.com/fp/6fd771afe4630c82358de4b6908ba80f-uncropped_scaled_within_1536_1152.webp'),
(9192, 9039, 'https://photos.zillowstatic.com/fp/5942d83a3063d9087a8de0a4a4900b00-cc_ft_768.webp'),
(9193, 9039, 'https://photos.zillowstatic.com/fp/fcc4865a81f3e4dda7f58c01b063066d-cc_ft_768.webp'),
(9194, 9039, 'https://photos.zillowstatic.com/fp/6beecf94b80d86556ff8b8ce86fb3a00-cc_ft_768.webp'),
(9195, 9039, 'https://photos.zillowstatic.com/fp/1eb9c3d0f2179c620fa9914cc9ba5a7c-uncropped_scaled_within_1536_1152.webp'),
(9196, 9040, 'https://photos.zillowstatic.com/fp/c943c48e82899923c224207a4ed70279-cc_ft_960.jpeg'),
(9197, 9040, 'https://photos.zillowstatic.com/fp/ae94438ba3ca9b57f2a0e8c2846b5f35-cc_ft_576.jpeg'),
(9198, 9040, 'https://photos.zillowstatic.com/fp/e9fceb484fbda67f579fd1967da1ed32-cc_ft_576.jpeg'),
(9199, 9040, 'https://photos.zillowstatic.com/fp/e8448063ac3e327424e98e1a174fa742-cc_ft_960.jpeg'),
(9200, 9040, 'https://photos.zillowstatic.com/fp/57de2d66b4a184dcba312207cbbfbac5-cc_ft_576.jpeg'),
(9201, 9041, 'https://photos.zillowstatic.com/fp/ae94438ba3ca9b57f2a0e8c2846b5f35-cc_ft_576.jpeg'),
(9202, 9041, 'https://photos.zillowstatic.com/fp/5b074ede2cadae73a60b130217a7c030-cc_ft_960.jpeg'),
(9203, 9041, 'https://photos.zillowstatic.com/fp/76642f8ae5c93f4cc72c64003c501418-uncropped_scaled_within_1536_1152.webp'),
(9204, 9041, 'https://photos.prod.cirrussystem.net/712/9abd0ebb51c37a5b80fc5e9a94391bed/1714803251.jpeg?d=l'),
(9205, 9041, 'https://photos.prod.cirrussystem.net/712/9abd0ebb51c37a5b80fc5e9a94391bed/1714803251.jpeg?d=l'),
(9206, 9042, 'https://photos.zillowstatic.com/fp/420246b38d8036be7e2a0c6e2c83e912-uncropped_scaled_within_1536_1152.webp'),
(9207, 9042, 'https://photos.zillowstatic.com/fp/fc4558349a6216ec83d16bbbfbd5b9af-cc_ft_768.webp'),
(9208, 9042, 'https://photos.zillowstatic.com/fp/5033a0ca716f96ef65ebfd09792ffd35-cc_ft_768.webp'),
(9209, 9042, 'https://photos.zillowstatic.com/fp/6beecf94b80d86556ff8b8ce86fb3a00-cc_ft_768.webp'),
(9210, 9042, 'https://photos.zillowstatic.com/fp/4a6baebfd3a8a0521e2697ddc49c80b7-cc_ft_768.webp'),
(9211, 9043, 'https://photos.prod.cirrussystem.net/712/9abd0ebb51c37a5b80fc5e9a94391bed/44466929.jpeg?d=l'),
(9212, 9043, 'https://photos.prod.cirrussystem.net/712/9abd0ebb51c37a5b80fc5e9a94391bed/1714803251.jpeg?d=l'),
(9213, 9043, 'https://photos.prod.cirrussystem.net/712/9abd0ebb51c37a5b80fc5e9a94391bed/2256398421.jpeg?d=l'),
(9214, 9043, 'https://photos.prod.cirrussystem.net/712/9abd0ebb51c37a5b80fc5e9a94391bed/1189049495.jpeg?d=l'),
(9215, 9043, 'https://photos.prod.cirrussystem.net/712/9abd0ebb51c37a5b80fc5e9a94391bed/4000215152.jpeg?d=l'),
(9216, 9044, 'https://photos.zillowstatic.com/fp/f144e982d7d111dafb3252695b9a86d3-cc_ft_768.webp'),
(9217, 9044, 'https://photos.zillowstatic.com/fp/76642f8ae5c93f4cc72c64003c501418-uncropped_scaled_within_1536_1152.webp'),
(9218, 9044, 'https://photos.zillowstatic.com/fp/ecd703257cc580624fa504d4e936464a-uncropped_scaled_within_1536_1152.webp'),
(9219, 9044, 'https://photos.zillowstatic.com/fp/6240f640fde1e976094e07f06eb87f4b-uncropped_scaled_within_1536_1152.webp'),
(9220, 9044, 'https://photos.zillowstatic.com/fp/34b4978baef606432bebfd1d8b6d24e3-uncropped_scaled_within_1536_1152.webp'),
(9221, 9045, 'https://photos.zillowstatic.com/fp/6fd771afe4630c82358de4b6908ba80f-uncropped_scaled_within_1536_1152.webp'),
(9222, 9045, 'https://photos.zillowstatic.com/fp/5942d83a3063d9087a8de0a4a4900b00-cc_ft_768.webp'),
(9223, 9045, 'https://photos.zillowstatic.com/fp/fcc4865a81f3e4dda7f58c01b063066d-cc_ft_768.webp'),
(9224, 9045, 'https://photos.zillowstatic.com/fp/6beecf94b80d86556ff8b8ce86fb3a00-cc_ft_768.webp'),
(9225, 9045, 'https://photos.zillowstatic.com/fp/1eb9c3d0f2179c620fa9914cc9ba5a7c-uncropped_scaled_within_1536_1152.webp'),
(9226, 9046, 'https://photos.zillowstatic.com/fp/4a6baebfd3a8a0521e2697ddc49c80b7-cc_ft_768.webp'),
(9227, 9046, 'https://photos.zillowstatic.com/fp/fc4558349a6216ec83d16bbbfbd5b9af-cc_ft_768.webp'),
(9228, 9046, 'https://photos.zillowstatic.com/fp/df7a886fe06419a05d60382a78108b43-uncropped_scaled_within_1536_1152.webp'),
(9229, 9046, 'https://photos.zillowstatic.com/fp/2e42ecc65a7514cc570fe2d8948b2dca-uncropped_scaled_within_1536_1152.webp'),
(9230, 9046, 'https://photos.zillowstatic.com/fp/5033a0ca716f96ef65ebfd09792ffd35-cc_ft_768.webp'),
(9231, 9047, 'https://photos.zillowstatic.com/fp/6beecf94b80d86556ff8b8ce86fb3a00-cc_ft_768.webp'),
(9232, 9047, 'https://photos.zillowstatic.com/fp/4a6baebfd3a8a0521e2697ddc49c80b7-cc_ft_768.webp'),
(9233, 9047, 'https://photos.zillowstatic.com/fp/fc4558349a6216ec83d16bbbfbd5b9af-cc_ft_768.webp'),
(9234, 9047, 'https://photos.zillowstatic.com/fp/5033a0ca716f96ef65ebfd09792ffd35-cc_ft_768.webp'),
(9235, 9047, 'https://photos.zillowstatic.com/fp/420246b38d8036be7e2a0c6e2c83e912-uncropped_scaled_within_1536_1152.webp'),
(9236, 9048, 'https://photos.zillowstatic.com/fp/57de2d66b4a184dcba312207cbbfbac5-cc_ft_576.jpeg'),
(9237, 9048, 'https://photos.zillowstatic.com/fp/e8448063ac3e327424e98e1a174fa742-cc_ft_960.jpeg'),
(9238, 9048, 'https://photos.zillowstatic.com/fp/e9fceb484fbda67f579fd1967da1ed32-cc_ft_576.jpeg'),
(9239, 9048, 'https://photos.zillowstatic.com/fp/ae94438ba3ca9b57f2a0e8c2846b5f35-cc_ft_576.jpeg'),
(9240, 9048, 'https://photos.zillowstatic.com/fp/c943c48e82899923c224207a4ed70279-cc_ft_960.jpeg'),
(9241, 9049, 'https://photos.zillowstatic.com/fp/57de2d66b4a184dcba312207cbbfbac5-cc_ft_576.jpeg'),
(9242, 9049, 'https://photos.zillowstatic.com/fp/e8448063ac3e327424e98e1a174fa742-cc_ft_960.jpeg'),
(9243, 9049, 'https://photos.zillowstatic.com/fp/e9fceb484fbda67f579fd1967da1ed32-cc_ft_576.jpeg'),
(9244, 9049, 'https://photos.zillowstatic.com/fp/ae94438ba3ca9b57f2a0e8c2846b5f35-cc_ft_576.jpeg'),
(9245, 9049, 'https://photos.zillowstatic.com/fp/c943c48e82899923c224207a4ed70279-cc_ft_960.jpeg'),
(9246, 9050, 'https://photos.prod.cirrussystem.net/712/9abd0ebb51c37a5b80fc5e9a94391bed/44466929.jpeg?d=l'),
(9247, 9050, 'https://photos.prod.cirrussystem.net/712/9abd0ebb51c37a5b80fc5e9a94391bed/1714803251.jpeg?d=l'),
(9248, 9050, 'https://photos.prod.cirrussystem.net/712/9abd0ebb51c37a5b80fc5e9a94391bed/2256398421.jpeg?d=l'),
(9249, 9050, 'https://photos.prod.cirrussystem.net/712/9abd0ebb51c37a5b80fc5e9a94391bed/1189049495.jpeg?d=l'),
(9250, 9050, 'https://photos.prod.cirrussystem.net/712/9abd0ebb51c37a5b80fc5e9a94391bed/4000215152.jpeg?d=l'),
(9251, 9051, 'https://photos.zillowstatic.com/fp/2e42ecc65a7514cc570fe2d8948b2dca-uncropped_scaled_within_1536_1152.webp'),
(9252, 9051, 'https://photos.zillowstatic.com/fp/df7a886fe06419a05d60382a78108b43-uncropped_scaled_within_1536_1152.webp'),
(9253, 9051, 'https://photos.zillowstatic.com/fp/5033a0ca716f96ef65ebfd09792ffd35-cc_ft_768.webp'),
(9254, 9051, 'https://photos.zillowstatic.com/fp/fc4558349a6216ec83d16bbbfbd5b9af-cc_ft_768.webp'),
(9255, 9051, 'https://photos.zillowstatic.com/fp/76642f8ae5c93f4cc72c64003c501418-uncropped_scaled_within_1536_1152.webp'),
(9256, 9052, 'https://photos.zillowstatic.com/fp/5033a0ca716f96ef65ebfd09792ffd35-cc_ft_768.webp'),
(9257, 9052, 'https://photos.zillowstatic.com/fp/fc4558349a6216ec83d16bbbfbd5b9af-cc_ft_768.webp'),
(9258, 9052, 'https://photos.zillowstatic.com/fp/df7a886fe06419a05d60382a78108b43-uncropped_scaled_within_1536_1152.webp'),
(9259, 9052, 'https://photos.zillowstatic.com/fp/2e42ecc65a7514cc570fe2d8948b2dca-uncropped_scaled_within_1536_1152.webp'),
(9260, 9052, 'https://photos.zillowstatic.com/fp/420246b38d8036be7e2a0c6e2c83e912-uncropped_scaled_within_1536_1152.webp'),
(9261, 9053, 'https://photos.zillowstatic.com/fp/420246b38d8036be7e2a0c6e2c83e912-uncropped_scaled_within_1536_1152.webp'),
(9262, 9053, 'https://photos.zillowstatic.com/fp/2e42ecc65a7514cc570fe2d8948b2dca-uncropped_scaled_within_1536_1152.webp'),
(9263, 9053, 'https://photos.zillowstatic.com/fp/df7a886fe06419a05d60382a78108b43-uncropped_scaled_within_1536_1152.webp'),
(9264, 9053, 'https://photos.zillowstatic.com/fp/fc4558349a6216ec83d16bbbfbd5b9af-cc_ft_768.webp'),
(9265, 9053, 'https://photos.zillowstatic.com/fp/76642f8ae5c93f4cc72c64003c501418-uncropped_scaled_within_1536_1152.webp'),
(9266, 9054, 'https://photos.zillowstatic.com/fp/6beecf94b80d86556ff8b8ce86fb3a00-cc_ft_768.webp'),
(9267, 9054, 'https://photos.zillowstatic.com/fp/fcc4865a81f3e4dda7f58c01b063066d-cc_ft_768.webp'),
(9268, 9054, 'https://photos.zillowstatic.com/fp/1eb9c3d0f2179c620fa9914cc9ba5a7c-uncropped_scaled_within_1536_1152.webp'),
(9269, 9054, 'https://photos.zillowstatic.com/fp/5942d83a3063d9087a8de0a4a4900b00-cc_ft_768.webp'),
(9270, 9054, 'https://photos.zillowstatic.com/fp/6fd771afe4630c82358de4b6908ba80f-uncropped_scaled_within_1536_1152.webp'),
(9271, 9055, 'https://photos.zillowstatic.com/fp/76642f8ae5c93f4cc72c64003c501418-uncropped_scaled_within_1536_1152.webp'),
(9272, 9055, 'https://photos.zillowstatic.com/fp/fc4558349a6216ec83d16bbbfbd5b9af-cc_ft_768.webp'),
(9273, 9055, 'https://photos.zillowstatic.com/fp/2e42ecc65a7514cc570fe2d8948b2dca-uncropped_scaled_within_1536_1152.webp'),
(9274, 9055, 'https://photos.zillowstatic.com/fp/5033a0ca716f96ef65ebfd09792ffd35-cc_ft_768.webp'),
(9275, 9055, 'https://photos.zillowstatic.com/fp/df7a886fe06419a05d60382a78108b43-uncropped_scaled_within_1536_1152.webp'),
(9276, 9056, 'https://photos.prod.cirrussystem.net/712/9abd0ebb51c37a5b80fc5e9a94391bed/44466929.jpeg?d=l'),
(9277, 9056, 'https://photos.prod.cirrussystem.net/712/9abd0ebb51c37a5b80fc5e9a94391bed/1714803251.jpeg?d=l'),
(9278, 9056, 'https://photos.prod.cirrussystem.net/712/9abd0ebb51c37a5b80fc5e9a94391bed/2256398421.jpeg?d=l'),
(9279, 9056, 'https://photos.prod.cirrussystem.net/712/9abd0ebb51c37a5b80fc5e9a94391bed/1189049495.jpeg?d=l'),
(9280, 9056, 'https://photos.prod.cirrussystem.net/712/9abd0ebb51c37a5b80fc5e9a94391bed/4000215152.jpeg?d=l'),
(9281, 9057, 'https://photos.zillowstatic.com/fp/c943c48e82899923c224207a4ed70279-cc_ft_960.jpeg'),
(9282, 9057, 'https://photos.zillowstatic.com/fp/57de2d66b4a184dcba312207cbbfbac5-cc_ft_576.jpeg'),
(9283, 9057, 'https://photos.zillowstatic.com/fp/e8448063ac3e327424e98e1a174fa742-cc_ft_960.jpeg'),
(9284, 9057, 'https://photos.zillowstatic.com/fp/e9fceb484fbda67f579fd1967da1ed32-cc_ft_576.jpeg'),
(9285, 9057, 'https://photos.zillowstatic.com/fp/ae94438ba3ca9b57f2a0e8c2846b5f35-cc_ft_576.jpeg'),
(9286, 9058, 'https://photos.zillowstatic.com/fp/76642f8ae5c93f4cc72c64003c501418-uncropped_scaled_within_1536_1152.webp'),
(9287, 9058, 'https://photos.zillowstatic.com/fp/fc4558349a6216ec83d16bbbfbd5b9af-cc_ft_768.webp'),
(9288, 9058, 'https://photos.zillowstatic.com/fp/2e42ecc65a7514cc570fe2d8948b2dca-uncropped_scaled_within_1536_1152.webp'),
(9289, 9058, 'https://photos.zillowstatic.com/fp/5033a0ca716f96ef65ebfd09792ffd35-cc_ft_768.webp'),
(9290, 9058, 'https://photos.zillowstatic.com/fp/df7a886fe06419a05d60382a78108b43-uncropped_scaled_within_1536_1152.webp'),
(9291, 9059, 'https://photos.zillowstatic.com/fp/76642f8ae5c93f4cc72c64003c501418-uncropped_scaled_within_1536_1152.webp'),
(9292, 9059, 'https://photos.zillowstatic.com/fp/fc4558349a6216ec83d16bbbfbd5b9af-cc_ft_768.webp'),
(9293, 9059, 'https://photos.zillowstatic.com/fp/df7a886fe06419a05d60382a78108b43-uncropped_scaled_within_1536_1152.webp'),
(9294, 9059, 'https://photos.zillowstatic.com/fp/2e42ecc65a7514cc570fe2d8948b2dca-uncropped_scaled_within_1536_1152.webp'),
(9295, 9059, 'https://photos.zillowstatic.com/fp/5033a0ca716f96ef65ebfd09792ffd35-cc_ft_768.webp'),
(9296, 9060, 'https://photos.zillowstatic.com/fp/420246b38d8036be7e2a0c6e2c83e912-uncropped_scaled_within_1536_1152.webp'),
(9297, 9060, 'https://photos.zillowstatic.com/fp/2e42ecc65a7514cc570fe2d8948b2dca-uncropped_scaled_within_1536_1152.webp'),
(9298, 9060, 'https://photos.zillowstatic.com/fp/df7a886fe06419a05d60382a78108b43-uncropped_scaled_within_1536_1152.webp'),
(9299, 9060, 'https://photos.zillowstatic.com/fp/fc4558349a6216ec83d16bbbfbd5b9af-cc_ft_768.webp'),
(9300, 9060, 'https://photos.zillowstatic.com/fp/76642f8ae5c93f4cc72c64003c501418-uncropped_scaled_within_1536_1152.webp'),
(9301, 9061, 'https://photos.zillowstatic.com/fp/ae94438ba3ca9b57f2a0e8c2846b5f35-cc_ft_576.jpeg'),
(9302, 9061, 'https://photos.zillowstatic.com/fp/5b074ede2cadae73a60b130217a7c030-cc_ft_960.jpeg'),
(9303, 9061, 'https://photos.zillowstatic.com/fp/76642f8ae5c93f4cc72c64003c501418-uncropped_scaled_within_1536_1152.webp'),
(9304, 9061, 'https://photos.prod.cirrussystem.net/712/9abd0ebb51c37a5b80fc5e9a94391bed/1714803251.jpeg?d=l'),
(9305, 9061, 'https://photos.prod.cirrussystem.net/712/9abd0ebb51c37a5b80fc5e9a94391bed/1714803251.jpeg?d=l'),
(9306, 9062, 'https://photos.zillowstatic.com/fp/ae94438ba3ca9b57f2a0e8c2846b5f35-cc_ft_576.jpeg'),
(9307, 9062, 'https://photos.zillowstatic.com/fp/5b074ede2cadae73a60b130217a7c030-cc_ft_960.jpeg'),
(9308, 9062, 'https://photos.zillowstatic.com/fp/76642f8ae5c93f4cc72c64003c501418-uncropped_scaled_within_1536_1152.webp'),
(9309, 9062, 'https://photos.prod.cirrussystem.net/712/9abd0ebb51c37a5b80fc5e9a94391bed/1714803251.jpeg?d=l'),
(9310, 9062, 'https://photos.prod.cirrussystem.net/712/9abd0ebb51c37a5b80fc5e9a94391bed/1714803251.jpeg?d=l'),
(9311, 9063, 'https://photos.prod.cirrussystem.net/712/9abd0ebb51c37a5b80fc5e9a94391bed/44466929.jpeg?d=l'),
(9312, 9063, 'https://photos.prod.cirrussystem.net/712/9abd0ebb51c37a5b80fc5e9a94391bed/1714803251.jpeg?d=l'),
(9313, 9063, 'https://photos.prod.cirrussystem.net/712/9abd0ebb51c37a5b80fc5e9a94391bed/2256398421.jpeg?d=l'),
(9314, 9063, 'https://photos.prod.cirrussystem.net/712/9abd0ebb51c37a5b80fc5e9a94391bed/1189049495.jpeg?d=l'),
(9315, 9063, 'https://photos.prod.cirrussystem.net/712/9abd0ebb51c37a5b80fc5e9a94391bed/4000215152.jpeg?d=l'),
(9316, 9064, 'https://photos.zillowstatic.com/fp/ae94438ba3ca9b57f2a0e8c2846b5f35-cc_ft_576.jpeg'),
(9317, 9064, 'https://photos.zillowstatic.com/fp/5b074ede2cadae73a60b130217a7c030-cc_ft_960.jpeg'),
(9318, 9064, 'https://photos.zillowstatic.com/fp/76642f8ae5c93f4cc72c64003c501418-uncropped_scaled_within_1536_1152.webp'),
(9319, 9064, 'https://photos.prod.cirrussystem.net/712/9abd0ebb51c37a5b80fc5e9a94391bed/1714803251.jpeg?d=l'),
(9320, 9064, 'https://photos.prod.cirrussystem.net/712/9abd0ebb51c37a5b80fc5e9a94391bed/1714803251.jpeg?d=l'),
(9321, 9065, 'https://photos.zillowstatic.com/fp/fc4558349a6216ec83d16bbbfbd5b9af-cc_ft_768.webp'),
(9322, 9065, 'https://photos.zillowstatic.com/fp/420246b38d8036be7e2a0c6e2c83e912-uncropped_scaled_within_1536_1152.webp'),
(9323, 9065, 'https://photos.zillowstatic.com/fp/5033a0ca716f96ef65ebfd09792ffd35-cc_ft_768.webp'),
(9324, 9065, 'https://photos.zillowstatic.com/fp/76642f8ae5c93f4cc72c64003c501418-uncropped_scaled_within_1536_1152.webp'),
(9325, 9065, 'https://photos.zillowstatic.com/fp/df7a886fe06419a05d60382a78108b43-uncropped_scaled_within_1536_1152.webp'),
(9326, 9066, 'https://photos.zillowstatic.com/fp/420246b38d8036be7e2a0c6e2c83e912-uncropped_scaled_within_1536_1152.webp'),
(9327, 9066, 'https://photos.zillowstatic.com/fp/2e42ecc65a7514cc570fe2d8948b2dca-uncropped_scaled_within_1536_1152.webp'),
(9328, 9066, 'https://photos.zillowstatic.com/fp/df7a886fe06419a05d60382a78108b43-uncropped_scaled_within_1536_1152.webp'),
(9329, 9066, 'https://photos.zillowstatic.com/fp/fc4558349a6216ec83d16bbbfbd5b9af-cc_ft_768.webp'),
(9330, 9066, 'https://photos.zillowstatic.com/fp/76642f8ae5c93f4cc72c64003c501418-uncropped_scaled_within_1536_1152.webp'),
(9331, 9067, 'https://photos.prod.cirrussystem.net/712/9abd0ebb51c37a5b80fc5e9a94391bed/44466929.jpeg?d=l'),
(9332, 9067, 'https://photos.prod.cirrussystem.net/712/9abd0ebb51c37a5b80fc5e9a94391bed/1714803251.jpeg?d=l'),
(9333, 9067, 'https://photos.prod.cirrussystem.net/712/9abd0ebb51c37a5b80fc5e9a94391bed/2256398421.jpeg?d=l'),
(9334, 9067, 'https://photos.prod.cirrussystem.net/712/9abd0ebb51c37a5b80fc5e9a94391bed/1189049495.jpeg?d=l'),
(9335, 9067, 'https://photos.prod.cirrussystem.net/712/9abd0ebb51c37a5b80fc5e9a94391bed/4000215152.jpeg?d=l'),
(9336, 9068, 'https://photos.zillowstatic.com/fp/fc4558349a6216ec83d16bbbfbd5b9af-cc_ft_768.webp'),
(9337, 9068, 'https://photos.zillowstatic.com/fp/420246b38d8036be7e2a0c6e2c83e912-uncropped_scaled_within_1536_1152.webp'),
(9338, 9068, 'https://photos.zillowstatic.com/fp/5033a0ca716f96ef65ebfd09792ffd35-cc_ft_768.webp'),
(9339, 9068, 'https://photos.zillowstatic.com/fp/76642f8ae5c93f4cc72c64003c501418-uncropped_scaled_within_1536_1152.webp'),
(9340, 9068, 'https://photos.zillowstatic.com/fp/df7a886fe06419a05d60382a78108b43-uncropped_scaled_within_1536_1152.webp'),
(9341, 9069, 'https://photos.prod.cirrussystem.net/712/9abd0ebb51c37a5b80fc5e9a94391bed/44466929.jpeg?d=l'),
(9342, 9069, 'https://photos.prod.cirrussystem.net/712/9abd0ebb51c37a5b80fc5e9a94391bed/1714803251.jpeg?d=l'),
(9343, 9069, 'https://photos.prod.cirrussystem.net/712/9abd0ebb51c37a5b80fc5e9a94391bed/2256398421.jpeg?d=l'),
(9344, 9069, 'https://photos.prod.cirrussystem.net/712/9abd0ebb51c37a5b80fc5e9a94391bed/1189049495.jpeg?d=l'),
(9345, 9069, 'https://photos.prod.cirrussystem.net/712/9abd0ebb51c37a5b80fc5e9a94391bed/4000215152.jpeg?d=l'),
(9346, 9070, 'https://photos.zillowstatic.com/fp/ae94438ba3ca9b57f2a0e8c2846b5f35-cc_ft_576.jpeg'),
(9347, 9070, 'https://photos.zillowstatic.com/fp/5b074ede2cadae73a60b130217a7c030-cc_ft_960.jpeg'),
(9348, 9070, 'https://photos.zillowstatic.com/fp/76642f8ae5c93f4cc72c64003c501418-uncropped_scaled_within_1536_1152.webp'),
(9349, 9070, 'https://photos.prod.cirrussystem.net/712/9abd0ebb51c37a5b80fc5e9a94391bed/1714803251.jpeg?d=l'),
(9350, 9070, 'https://photos.zillowstatic.com/fp/df7a886fe06419a05d60382a78108b43-uncropped_scaled_within_1536_1152.webp')
;


-- Applications
INSERT INTO applications (app_id, user_id, prop_id, move_in_date, app_status, app_date) VALUES
(9001, 9001, 9001, '2024-01-15', 'approved', '2024-01-02 10:00:00'),
(9002, 9015, 9002, '2024-02-01', 'withdrawn', '2024-01-14 12:30:00'),
(9003, 9004, 9002, '2024-02-01', 'approved', '2024-01-15 14:30:00'),
(9004, 9005, 9003, '2024-03-01', 'approved', '2024-02-10 09:15:00'),
(9005, 9017, 9004, '2024-04-01', 'denied', '2024-03-14 16:00:00'),
(9006, 9007, 9004, '2024-04-01', 'approved', '2024-03-15 16:45:00'),
(9007, 9008, 9005, '2024-05-01', 'approved', '2024-04-10 11:20:00'),
(9008, 9010, 9006, '2024-06-01', 'approved', '2024-05-15 13:00:00'),
(9009, 9011, 9007, '2024-07-01', 'approved', '2024-06-10 15:30:00'),
(9010, 9012, 9008, '2024-07-15', 'approved', '2024-06-25 10:45:00'),
(9011, 9016, 9008, '2024-07-15', 'denied', '2024-06-25 10:45:00'),
(9012, 9013, 9009, '2024-08-01', 'approved', '2024-07-10 14:15:00'),
(9013, 9014, 9010, '2024-08-15', 'approved', '2024-07-25 09:30:00'),
(9014, 9018, 9013, '2024-09-01', 'pending', '2024-08-01 11:30:00'),
(9015, 9019, 9012, '2024-09-15', 'pending', '2024-08-01 14:45:00'),
(9016, 9020, 9019, '2024-09-01', 'pending', '2024-08-02 09:00:00'),
(9017, 9019, 9015, '2024-09-15', 'pending', '2024-08-02 14:45:00'),
(9018, 9020, 9020, '2024-10-01', 'pending', '2024-08-01 11:00:00'),
(9019, 9020, 9020, '2024-10-01', 'pending', '2024-08-03 09:00:00')
;

-- Leases
INSERT INTO leases (lease_id, user_id, prop_id, start_date, end_date, rent, lease_status, term_length) VALUES
(9001, 9001, 9001, '2024-01-15', '2025-01-14', 1200.00, 'active', 12),
(9002, 9004, 9002, '2024-02-01', '2025-07-31', 1500.00, 'active', 18),
(9003, 9005, 9003, '2024-03-01', '2025-02-28', 900.00, 'active', 12),
(9004, 9007, 9004, '2024-04-01', '2026-03-31', 1100.00, 'active', 24),
(9005, 9008, 9005, '2024-05-01', '2025-04-30', 1300.00, 'active', 12),
(9006, 9010, 9006, '2024-06-01', '2025-11-30', 1000.00, 'active', 18),
(9007, 9011, 9007, '2024-07-01', '2024-12-31', 1400.00, 'active', 6),
(9008, 9012, 9008, '2024-07-15', '2026-07-14', 950.00, 'active', 24),
(9009, 9013, 9009, '2024-08-01', '2025-07-31', 1250.00, 'active', 12),
(9010, 9014, 9010, '2024-08-15', '2026-02-14', 1150.00, 'active', 18)
;

-- Payments
INSERT INTO payments (user_id, prop_id, lease_id, pay_period, pay_date, amount, late) VALUES
(9001, 9001, 9001, '2024-02-01', '2024-02-01 09:15:00', 1200.00, false),
(9001, 9001, 9001, '2024-03-01', '2024-03-01 10:30:00', 1200.00, false),
(9001, 9001, 9001, '2024-04-01', '2024-04-03 14:45:00', 1200.00, true),
(9001, 9001, 9001, '2024-05-01', '2024-05-01 11:00:00', 1200.00, false),
(9001, 9001, 9001, '2024-06-01', '2024-06-01 09:30:00', 1200.00, false),
(9001, 9001, 9001, '2024-07-01', '2024-07-02 16:15:00', 1200.00, true),
(9001, 9001, 9001, '2024-08-01', '2024-08-01 10:45:00', 1200.00, false),
(9004, 9002, 9002, '2024-02-01', '2024-02-01 08:45:00', 1500.00, false),
(9004, 9002, 9002, '2024-03-01', '2024-03-01 09:30:00', 1500.00, false),
(9004, 9002, 9002, '2024-04-01', '2024-04-01 10:15:00', 1500.00, false),
(9004, 9002, 9002, '2024-05-01', '2024-05-03 15:30:00', 1500.00, true),
(9004, 9002, 9002, '2024-06-01', '2024-06-01 11:45:00', 1500.00, false),
(9004, 9002, 9002, '2024-07-01', '2024-07-01 09:00:00', 1500.00, false),
(9004, 9002, 9002, '2024-08-01', '2024-08-01 10:30:00', 1500.00, false),
(9005, 9003, 9003,'2024-03-01', '2024-03-01 10:00:00', 900.00, false),
(9005, 9003, 9003,'2024-04-01', '2024-04-02 14:30:00', 900.00, true),
(9005, 9003, 9003,'2024-05-01', '2024-05-01 09:45:00', 900.00, false),
(9005, 9003, 9003,'2024-06-01', '2024-06-01 11:15:00', 900.00, false),
(9005, 9003, 9003,'2024-07-01', '2024-07-01 10:30:00', 900.00, false),
(9005, 9003, 9003,'2024-08-01', '2024-08-01 09:15:00', 900.00, false),
(9007, 9004, 9004, '2024-04-01', '2024-04-01 09:30:00', 1100.00, false),
(9007, 9004, 9004, '2024-05-01', '2024-05-01 10:45:00', 1100.00, false),
(9007, 9004, 9004, '2024-06-01', '2024-06-03 15:00:00', 1100.00, true),
(9007, 9004, 9004, '2024-07-01', '2024-07-01 11:30:00', 1100.00, false),
(9007, 9004, 9004, '2024-08-01', '2024-08-01 10:15:00', 1100.00, false),
(9008, 9005, 9005, '2024-05-01', '2024-05-01 10:00:00', 1300.00, false),
(9008, 9005, 9005, '2024-06-01', '2024-06-01 09:45:00', 1300.00, false),
(9008, 9005, 9005, '2024-07-01', '2024-07-03 14:30:00', 1300.00, true),
(9008, 9005, 9005, '2024-08-01', '2024-08-01 11:15:00', 1300.00, false),
(9010, 9006, 9006, '2024-06-01', '2024-06-01 09:15:00', 1000.00, false),
(9010, 9006, 9006, '2024-07-01', '2024-07-01 10:30:00', 1000.00, false),
(9010, 9006, 9006, '2024-08-01', '2024-08-02 15:45:00', 1000.00, true),
(9011, 9007, 9007, '2024-07-01', '2024-07-01 10:00:00', 1400.00, false),
(9011, 9007, 9007, '2024-08-01', '2024-08-01 09:30:00', 1400.00, false),
(9012, 9008, 9008,'2024-08-01', '2024-08-01 11:00:00', 950.00, false),
(9013, 9009, 9009, '2024-08-01', '2024-08-01 10:15:00', 1250.00, false)
;

-- Service Requests
INSERT INTO service_request (user_id, prop_id, req_status, req_date, last_updated, req_body, issue_type) VALUES
            (9001, 9001, 'complete', '2024-03-15 10:30:00', '2024-03-16 10:30:00', 'Dishwasher not draining properly', 'dishwasher'),
(9005, 9003, 'complete', '2024-05-20 14:45:00', '2024-05-21 09:15:00', 'Central air not cooling effectively', 'central_air'),
(9008, 9005, 'complete', '2024-06-10 11:00:00', '2024-06-12 16:30:00', 'Washing machine leaking', 'laundry'),
(9011, 9007, 'complete', '2024-07-05 09:30:00', '2024-07-06 09:30:00', 'Bathroom sink clogged', 'bathroom'),
(9013, 9009, 'in_progress', '2024-08-03 13:15:00', '2024-08-04 10:00:00', 'Strange noise coming from the ceiling fan', 'other'),
(9004, 9002, 'pending', '2024-07-25 14:20:00', '2024-07-25 14:20:00', 'Dishwasher making loud grinding noise during wash cycle', 'dishwasher'),
(9007, 9004, 'in_progress', '2024-08-02 09:45:00', '2024-08-03 11:30:00', 'Air conditioning not turning on', 'central_air'),
(9010, 9006, 'pending', '2024-08-05 16:10:00', '2024-08-05 16:10:00', 'Shower head leaking and low water pressure', 'bathroom')
;

-- Messages
INSERT INTO messages (contact_type, user_to, user_from, subject, msg_body, msg_date) VALUES
-- Welcome messages for each lease
('email', 9001, 9002, 'Welcome to Your New Home!', 'Welcome to your new home! We''re excited to have you as our tenant. Here''s some important information about your rental property...', '2024-01-15 09:00:00'),
('email', 9004, 9002, 'Welcome to Your New Home!', 'Welcome to your new home! We''re excited to have you as our tenant. Here''s some important information about your rental property...', '2024-02-01 09:00:00'),
('email', 9005, 9002, 'Welcome to Your New Home!', 'Welcome to your new home! We''re excited to have you as our tenant. Here''s some important information about your rental property...', '2024-03-01 09:00:00'),
('email', 9007, 9002, 'Welcome to Your New Home!', 'Welcome to your new home! We''re excited to have you as our tenant. Here''s some important information about your rental property...', '2024-04-01 09:00:00'),
('email', 9008, 9002, 'Welcome to Your New Home!', 'Welcome to your new home! We''re excited to have you as our tenant. Here''s some important information about your rental property...', '2024-05-01 09:00:00'),
('email', 9010, 9002, 'Welcome to Your New Home!', 'Welcome to your new home! We''re excited to have you as our tenant. Here''s some important information about your rental property...', '2024-06-01 09:00:00'),
('email', 9011, 9002, 'Welcome to Your New Home!', 'Welcome to your new home! We''re excited to have you as our tenant. Here''s some important information about your rental property...', '2024-07-01 09:00:00'),
('email', 9012, 9002, 'Welcome to Your New Home!', 'Welcome to your new home! We''re excited to have you as our tenant. Here''s some important information about your rental property...', '2024-07-15 09:00:00'),
('email', 9013, 9002, 'Welcome to Your New Home!', 'Welcome to your new home! We''re excited to have you as our tenant. Here''s some important information about your rental property...', '2024-08-01 09:00:00'),
('email', 9014, 9002, 'Welcome to Your New Home!', 'Welcome to your new home! We''re excited to have you as our tenant. Here''s some important information about your rental property...', '2024-08-15 09:00:00'),

-- Newsletter messages (for some tenants)
('email', 9001, 9002, 'Community Newsletter - March 2024', 'Here''s your community newsletter for March 2024. Learn about upcoming events and important updates...', '2024-03-01 10:00:00'),
('email', 9005, 9002, 'Community Newsletter - June 2024', 'Here''s your community newsletter for June 2024. Learn about upcoming events and important updates...', '2024-06-01 10:00:00'),
('email', 9008, 9002, 'Community Newsletter - August 2024', 'Here''s your community newsletter for August 2024. Learn about upcoming events and important updates...', '2024-08-01 10:00:00'),

-- Service request messages
('email', 9001, 9002, 'Service Request Received - Dishwasher', 'We have received your service request regarding the dishwasher not draining properly. Our maintenance team will address this issue soon.', '2024-03-15 10:35:00'),
('email', 9001, 9002, 'Service Request Completed - Dishwasher', 'Your service request for the dishwasher has been completed. Please let us know if you need any further assistance.', '2024-03-16 10:35:00'),
('email', 9005, 9002, 'Service Request Received - Central Air', 'We have received your service request regarding the central air not cooling effectively. Our maintenance team will address this issue soon.', '2024-05-20 14:50:00'),
('email', 9005, 9002, 'Service Request Completed - Central Air', 'Your service request for the central air has been completed. Please let us know if you need any further assistance.', '2024-05-21 09:20:00'),
('email', 9008, 9002, 'Service Request Received - Washing Machine', 'We have received your service request regarding the leaking washing machine. Our maintenance team will address this issue soon.', '2024-06-10 11:05:00'),
('email', 9008, 9002, 'Service Request Completed - Washing Machine', 'Your service request for the washing machine has been completed. Please let us know if you need any further assistance.', '2024-06-12 16:35:00'),
('email', 9011, 9002, 'Service Request Received - Bathroom Sink', 'We have received your service request regarding the clogged bathroom sink. Our maintenance team will address this issue soon.', '2024-07-05 09:35:00'),
('email', 9011, 9002, 'Service Request Completed - Bathroom Sink', 'Your service request for the bathroom sink has been completed. Please let us know if you need any further assistance.', '2024-07-06 09:35:00'),
('email', 9013, 9002, 'Service Request Received - Ceiling Fan', 'We have received your service request regarding the strange noise from the ceiling fan. Our maintenance team will address this issue soon.', '2024-08-03 13:20:00'),
('email', 9013, 9002, 'Service Request Update - Ceiling Fan', 'Our maintenance team is currently working on your ceiling fan issue. We''ll update you once the work is completed.', '2024-08-04 10:05:00'),
('email', 9004, 9002, 'Service Request Received - Dishwasher', 'We have received your service request regarding the dishwasher making a loud grinding noise. Our maintenance team will address this issue soon.', '2024-07-25 14:25:00'),
('email', 9007, 9002, 'Service Request Received - Air Conditioning', 'We have received your service request regarding the air conditioning not turning on. Our maintenance team will address this issue soon.', '2024-08-02 09:50:00'),
('email', 9007, 9002, 'Service Request Update - Air Conditioning', 'Our maintenance team is currently working on your air conditioning issue. We''ll update you once the work is completed.', '2024-08-03 11:35:00'),
('email', 9010, 9002, 'Service Request Received - Shower', 'We have received your service request regarding the leaking shower head and low water pressure. Our maintenance team will address this issue soon.', '2024-08-05 16:15:00');

-- Function to set payment_period
CREATE OR REPLACE FUNCTION set_payment_period()
RETURNS TRIGGER AS $$
BEGIN
    NEW.pay_period := DATE_TRUNC('month', NEW.pay_date);
    RETURN NEW;
END;
$$ LANGUAGE plpgsql;

-- Trigger to update payment_period before insert on payments table
CREATE TRIGGER set_payment_period_trigger
BEFORE INSERT ON payments
FOR EACH ROW
EXECUTE FUNCTION set_payment_period();

-- Function to create lease when application is approved
CREATE OR REPLACE FUNCTION create_lease_on_approval()
RETURNS TRIGGER AS $$
BEGIN
    IF NEW.app_status = 'approved' AND OLD.app_status = 'pending' THEN
        INSERT INTO leases (user_id, prop_id, start_date, end_date, rent, lease_status, term_length)
        SELECT
            NEW.user_id,
            NEW.prop_id,
            NEW.move_in_date,
            NEW.move_in_date + INTERVAL '1 year', -- Assuming 1-year lease
            (SELECT rent FROM properties WHERE prop_id = NEW.prop_id),
            'active',
            12
        ;
    END IF;
    RETURN NEW;
END;
$$ LANGUAGE plpgsql;

-- Trigger to create lease when application is approved
CREATE TRIGGER create_lease_on_approval_trigger
AFTER UPDATE ON applications
FOR EACH ROW
WHEN (NEW.app_status = 'approved' AND OLD.app_status = 'pending')
EXECUTE FUNCTION create_lease_on_approval();

-- Function to update property vacancy when a lease is created
CREATE OR REPLACE FUNCTION update_property_vacancy_on_lease()
RETURNS TRIGGER AS $$
BEGIN
    -- Update the property's vacancy to false when a new lease is created
    UPDATE properties
    SET vacancy = false
    WHERE prop_id = NEW.prop_id;

    RAISE NOTICE 'Updated vacancy for property % to false', NEW.prop_id;

    RETURN NEW;
END;
$$ LANGUAGE plpgsql;

-- Trigger to update property vacancy when a lease is created
CREATE TRIGGER update_property_vacancy_on_lease_trigger
AFTER INSERT ON leases
FOR EACH ROW
EXECUTE FUNCTION update_property_vacancy_on_lease();


COMMIT TRANSACTION;
